id,label
0,14794687 14782344
1,14794687 14782344
2,14794687 14782344
3,14794687 14782344
4,14794687 14782344
5,14794687 14782344
6,14794687 14782344
7,14794687 14782344
8,14794687 14782344
9,14794687 14782344
10,14794687 14782344
11,14794687 14782344
12,14794687 14782344
13,14794687 14782344
14,14794687 14782344
15,14794687 14782344
16,14794687 14782344
17,14794687 14782344
18,14794687 14782344
19,14794687 14782344
20,14794687 14782344
21,14794687 14782344
22,14794687 14782344
23,14794687 14782344
24,14794687 14782344
25,14794687 14782344
26,14794687 14782344
27,14794687 14782344
28,14794687 14782344
29,14794687 14782344
30,14794687 14782344
31,14794687 14782344
32,14794687 14782344
33,14794687 14782344
34,14794687 14782344
35,14794687 14782344
36,14794687 14782344
37,14794687 14782344
38,14794687 14782344
39,14794687 14782344
40,14794687 14782344
41,14794687 14782344
42,14794687 14782344
43,14794687 14782344
44,14794687 14782344
45,14794687 14782344
46,14794687 14782344
47,14794687 14782344
48,14794687 14782344
49,14794687 14782344
50,14794687 14782344
51,14794687 14782344
52,14794687 14782344
53,14794687 14782344
54,14794687 14782344
55,14794687 14782344
56,14794687 14782344
57,14794687 14782344
58,14794687 14782344
59,14794687 14782344
60,14794687 14782344
61,14794687 14782344
62,14794687 14782344
63,14794687 14782344
64,14794687 14782344
65,14794687 14782344
66,14794687 14782344
67,14794687 14782344
68,14794687 14782344
69,14794687 14782344
70,14794687 14782344
71,14794687 14782344
72,14794687 14782344
73,14794687 14782344
74,14794687 14782344
75,14794687 14782344
76,14794687 14782344
77,14794687 14782344
78,14794687 14782344
79,14794687 14782344
80,14794687 14782344
81,14794687 14782344
82,14794687 14782344
83,14794687 14782344
84,14794687 14782344
85,14794687 14782344
86,14794687 14782344
87,14794687 14782344
88,14794687 14782344
89,14794687 14782344
90,14794687 14782344
91,14794687 14782344
92,14794687 14782344
93,14794687 14782344
94,14794687 14782344
95,14794687 14782344
96,14794687 14782344
97,14794687 14782344
98,14794687 14782344
99,14794687 14782344
100,14794687 14782344
101,14794687 14782344
102,14794687 14782344
103,14794687 14782344
104,14794687 14782344
105,14794687 14782344
106,14794687 14782344
107,14794687 14782344
108,14794687 14782344
109,14794687 14782344
110,14794687 14782344
111,14794687 14782344
112,14794687 14782344
113,14794687 14782344
114,14794687 14782344
115,14794687 14782344
116,14794687 14782344
117,14794687 14782344
118,14794687 14782344
119,14794687 14782344
120,14794687 14782344
121,14794687 14782344
122,14794687 14782344
123,14794687 14782344
124,14794687 14782344
125,14794687 14782344
126,14794687 14782344
127,14794687 14782344
128,14794687 14782344
129,14794687 14782344
130,14794687 14782344
131,14794687 14782344
132,14794687 14782344
133,14794687 14782344
134,14794687 14782344
135,14794687 14782344
136,14794687 14782344
137,14794687 14782344
138,14794687 14782344
139,14794687 14782344
140,14794687 14782344
141,14794687 14782344
142,14794687 14782344
143,14794687 14782344
144,14794687 14782344
145,14794687 14782344
146,14794687 14782344
147,14794687 14782344
148,14794687 14782344
149,14794687 14782344
150,14794687 14782344
151,14794687 14782344
152,14794687 14782344
153,14794687 14782344
154,14794687 14782344
155,14794687 14782344
156,14794687 14782344
157,14794687 14782344
158,14794687 14782344
159,14794687 14782344
160,14794687 14782344
161,14794687 14782344
162,14794687 14782344
163,14794687 14782344
164,14794687 14782344
165,14794687 14782344
166,14794687 14782344
167,14794687 14782344
168,14794687 14782344
169,14794687 14782344
170,14794687 14782344
171,14794687 14782344
172,14794687 14782344
173,14794687 14782344
174,14794687 14782344
175,14794687 14782344
176,14794687 14782344
177,14794687 14782344
178,14794687 14782344
179,14794687 14782344
180,14794687 14782344
181,14794687 14782344
182,14794687 14782344
183,14794687 14782344
184,14794687 14782344
185,14794687 14782344
186,14794687 14782344
187,14794687 14782344
188,14794687 14782344
189,14794687 14782344
190,14794687 14782344
191,14794687 14782344
192,14794687 14782344
193,14794687 14782344
194,14794687 14782344
195,14794687 14782344
196,14794687 14782344
197,14794687 14782344
198,14794687 14782344
199,14794687 14782344
200,14794687 14782344
201,14794687 14782344
202,14794687 14782344
203,14794687 14782344
204,14794687 14782344
205,14794687 14782344
206,14794687 14782344
207,14794687 14782344
208,14794687 14782344
209,14794687 14782344
210,14794687 14782344
211,14794687 14782344
212,14794687 14782344
213,14794687 14782344
214,14794687 14782344
215,14794687 14782344
216,14794687 14782344
217,14794687 14782344
218,14794687 14782344
219,14794687 14782344
220,14794687 14782344
221,14794687 14782344
222,14794687 14782344
223,14794687 14782344
224,14794687 14782344
225,14794687 14782344
226,14794687 14782344
227,14794687 14782344
228,14794687 14782344
229,14794687 14782344
230,14794687 14782344
231,14794687 14782344
232,14794687 14782344
233,14794687 14782344
234,14794687 14782344
235,14794687 14782344
236,14794687 14782344
237,14794687 14782344
238,14794687 14782344
239,14794687 14782344
240,14794687 14782344
241,14794687 14782344
242,14794687 14782344
243,14794687 14782344
244,14794687 14782344
245,14794687 14782344
246,14794687 14782344
247,14794687 14782344
248,14794687 14782344
249,14794687 14782344
250,14794687 14782344
251,14794687 14782344
252,14794687 14782344
253,14794687 14782344
254,14794687 14782344
255,14794687 14782344
256,14794687 14782344
257,14794687 14782344
258,14794687 14782344
259,14794687 14782344
260,14794687 14782344
261,14794687 14782344
262,14794687 14782344
263,14794687 14782344
264,14794687 14782344
265,14794687 14782344
266,14794687 14782344
267,14794687 14782344
268,14794687 14782344
269,14794687 14782344
270,14794687 14782344
271,14794687 14782344
272,14794687 14782344
273,14794687 14782344
274,14794687 14782344
275,14794687 14782344
276,14794687 14782344
277,14794687 14782344
278,14794687 14782344
279,14794687 14782344
280,14794687 14782344
281,14794687 14782344
282,14794687 14782344
283,14794687 14782344
284,14794687 14782344
285,14794687 14782344
286,14794687 14782344
287,14794687 14782344
288,14794687 14782344
289,14794687 14782344
290,14794687 14782344
291,14794687 14782344
292,14794687 14782344
293,14794687 14782344
294,14794687 14782344
295,14794687 14782344
296,14794687 14782344
297,14794687 14782344
298,14794687 14782344
299,14794687 14782344
300,14794687 14782344
301,14794687 14782344
302,14794687 14782344
303,14794687 14782344
304,14794687 14782344
305,14794687 14782344
306,14794687 14782344
307,14794687 14782344
308,14794687 14782344
309,14794687 14782344
310,14794687 14782344
311,14794687 14782344
312,14794687 14782344
313,14794687 14782344
314,14794687 14782344
315,14794687 14782344
316,14794687 14782344
317,14794687 14782344
318,14794687 14782344
319,14794687 14782344
320,14794687 14782344
321,14794687 14782344
322,14794687 14782344
323,14794687 14782344
324,14794687 14782344
325,14794687 14782344
326,14794687 14782344
327,14794687 14782344
328,14794687 14782344
329,14794687 14782344
330,14794687 14782344
331,14794687 14782344
332,14794687 14782344
333,14794687 14782344
334,14794687 14782344
335,14794687 14782344
336,14794687 14782344
337,14794687 14782344
338,14794687 14782344
339,14794687 14782344
340,14794687 14782344
341,14794687 14782344
342,14794687 14782344
343,14794687 14782344
344,14794687 14782344
345,14794687 14782344
346,14794687 14782344
347,14794687 14782344
348,14794687 14782344
349,14794687 14782344
350,14794687 14782344
351,14794687 14782344
352,14794687 14782344
353,14794687 14782344
354,14794687 14782344
355,14794687 14782344
356,14794687 14782344
357,14794687 14782344
358,14794687 14782344
359,14794687 14782344
360,14794687 14782344
361,14794687 14782344
362,14794687 14782344
363,14794687 14782344
364,14794687 14782344
365,14794687 14782344
366,14794687 14782344
367,14794687 14782344
368,14794687 14782344
369,14794687 14782344
370,14794687 14782344
371,14794687 14782344
372,14794687 14782344
373,14794687 14782344
374,14794687 14782344
375,14794687 14782344
376,14794687 14782344
377,14794687 14782344
378,14794687 14782344
379,14794687 14782344
380,14794687 14782344
381,14794687 14782344
382,14794687 14782344
383,14794687 14782344
384,14794687 14782344
385,14794687 14782344
386,14794687 14782344
387,14794687 14782344
388,14794687 14782344
389,14794687 14782344
390,14794687 14782344
391,14794687 14782344
392,14794687 14782344
393,14794687 14782344
394,14794687 14782344
395,14794687 14782344
396,14794687 14782344
397,14794687 14782344
398,14794687 14782344
399,14794687 14782344
400,14794687 14782344
401,14794687 14782344
402,14794687 14782344
403,14794687 14782344
404,14794687 14782344
405,14794687 14782344
406,14794687 14782344
407,14794687 14782344
408,14794687 14782344
409,14794687 14782344
410,14794687 14782344
411,14794687 14782344
412,14794687 14782344
413,14794687 14782344
414,14794687 14782344
415,14794687 14782344
416,14794687 14782344
417,14794687 14782344
418,14794687 14782344
419,14794687 14782344
420,14794687 14782344
421,14794687 14782344
422,14794687 14782344
423,14794687 14782344
424,14794687 14782344
425,14794687 14782344
426,14794687 14782344
427,14794687 14782344
428,14794687 14782344
429,14794687 14782344
430,14794687 14782344
431,14794687 14782344
432,14794687 14782344
433,14794687 14782344
434,14794687 14782344
435,14794687 14782344
436,14794687 14782344
437,14794687 14782344
438,14794687 14782344
439,14794687 14782344
440,14794687 14782344
441,14794687 14782344
442,14794687 14782344
443,14794687 14782344
444,14794687 14782344
445,14794687 14782344
446,14794687 14782344
447,14794687 14782344
448,14794687 14782344
449,14794687 14782344
450,14794687 14782344
451,14794687 14782344
452,14794687 14782344
453,14794687 14782344
454,14794687 14782344
455,14794687 14782344
456,14794687 14782344
457,14794687 14782344
458,14794687 14782344
459,14794687 14782344
460,14794687 14782344
461,14794687 14782344
462,14794687 14782344
463,14794687 14782344
464,14794687 14782344
465,14794687 14782344
466,14794687 14782344
467,14794687 14782344
468,14794687 14782344
469,14794687 14782344
470,14794687 14782344
471,14794687 14782344
472,14794687 14782344
473,14794687 14782344
474,14794687 14782344
475,14794687 14782344
476,14794687 14782344
477,14794687 14782344
478,14794687 14782344
479,14794687 14782344
480,14794687 14782344
481,14794687 14782344
482,14794687 14782344
483,14794687 14782344
484,14794687 14782344
485,14794687 14782344
486,14794687 14782344
487,14794687 14782344
488,14794687 14782344
489,14794687 14782344
490,14794687 14782344
491,14794687 14782344
492,14794687 14782344
493,14794687 14782344
494,14794687 14782344
495,14794687 14782344
496,14794687 14782344
497,14794687 14782344
498,14794687 14782344
499,14794687 14782344
500,14794687 14782344
501,14794687 14782344
502,14794687 14782344
503,14794687 14782344
504,14794687 14782344
505,14794687 14782344
506,14794687 14782344
507,14794687 14782344
508,14794687 14782344
509,14794687 14782344
510,14794687 14782344
511,14794687 14782344
512,14794687 14782344
513,14794687 14782344
514,14794687 14782344
515,14794687 14782344
516,14794687 14782344
517,14794687 14782344
518,14794687 14782344
519,14794687 14782344
520,14794687 14782344
521,14794687 14782344
522,14794687 14782344
523,14794687 14782344
524,14794687 14782344
525,14794687 14782344
526,14794687 14782344
527,14794687 14782344
528,14794687 14782344
529,14794687 14782344
530,14794687 14782344
531,14794687 14782344
532,14794687 14782344
533,14794687 14782344
534,14794687 14782344
535,14794687 14782344
536,14794687 14782344
537,14794687 14782344
538,14794687 14782344
539,14794687 14782344
540,14794687 14782344
541,14794687 14782344
542,14794687 14782344
543,14794687 14782344
544,14794687 14782344
545,14794687 14782344
546,14794687 14782344
547,14794687 14782344
548,14794687 14782344
549,14794687 14782344
550,14794687 14782344
551,14794687 14782344
552,14794687 14782344
553,14794687 14782344
554,14794687 14782344
555,14794687 14782344
556,14794687 14782344
557,14794687 14782344
558,14794687 14782344
559,14794687 14782344
560,14794687 14782344
561,14794687 14782344
562,14794687 14782344
563,14794687 14782344
564,14794687 14782344
565,14794687 14782344
566,14794687 14782344
567,14794687 14782344
568,14794687 14782344
569,14794687 14782344
570,14794687 14782344
571,14794687 14782344
572,14794687 14782344
573,14794687 14782344
574,14794687 14782344
575,14794687 14782344
576,14794687 14782344
577,14794687 14782344
578,14794687 14782344
579,14794687 14782344
580,14794687 14782344
581,14794687 14782344
582,14794687 14782344
583,14794687 14782344
584,14794687 14782344
585,14794687 14782344
586,14794687 14782344
587,14794687 14782344
588,14794687 14782344
589,14794687 14782344
590,14794687 14782344
591,14794687 14782344
592,14794687 14782344
593,14794687 14782344
594,14794687 14782344
595,14794687 14782344
596,14794687 14782344
597,14794687 14782344
598,14794687 14782344
599,14794687 14782344
600,14794687 14782344
601,14794687 14782344
602,14794687 14782344
603,14794687 14782344
604,14794687 14782344
605,14794687 14782344
606,14794687 14782344
607,14794687 14782344
608,14794687 14782344
609,14794687 14782344
610,14794687 14782344
611,14794687 14782344
612,14794687 14782344
613,14794687 14782344
614,14794687 14782344
615,14794687 14782344
616,14794687 14782344
617,14794687 14782344
618,14794687 14782344
619,14794687 14782344
620,14794687 14782344
621,14794687 14782344
622,14794687 14782344
623,14794687 14782344
624,14794687 14782344
625,14794687 14782344
626,14794687 14782344
627,14794687 14782344
628,14794687 14782344
629,14794687 14782344
630,14794687 14782344
631,14794687 14782344
632,14794687 14782344
633,14794687 14782344
634,14794687 14782344
635,14794687 14782344
636,14794687 14782344
637,14794687 14782344
638,14794687 14782344
639,14794687 14782344
640,14794687 14782344
641,14794687 14782344
642,14794687 14782344
643,14794687 14782344
644,14794687 14782344
645,14794687 14782344
646,14794687 14782344
647,14794687 14782344
648,14794687 14782344
649,14794687 14782344
650,14794687 14782344
651,14794687 14782344
652,14794687 14782344
653,14794687 14782344
654,14794687 14782344
655,14794687 14782344
656,14794687 14782344
657,14794687 14782344
658,14794687 14782344
659,14794687 14782344
660,14794687 14782344
661,14794687 14782344
662,14794687 14782344
663,14794687 14782344
664,14794687 14782344
665,14794687 14782344
666,14794687 14782344
667,14794687 14782344
668,14794687 14782344
669,14794687 14782344
670,14794687 14782344
671,14794687 14782344
672,14794687 14782344
673,14794687 14782344
674,14794687 14782344
675,14794687 14782344
676,14794687 14782344
677,14794687 14782344
678,14794687 14782344
679,14794687 14782344
680,14794687 14782344
681,14794687 14782344
682,14794687 14782344
683,14794687 14782344
684,14794687 14782344
685,14794687 14782344
686,14794687 14782344
687,14794687 14782344
688,14794687 14782344
689,14794687 14782344
690,14794687 14782344
691,14794687 14782344
692,14794687 14782344
693,14794687 14782344
694,14794687 14782344
695,14794687 14782344
696,14794687 14782344
697,14794687 14782344
698,14794687 14782344
699,14794687 14782344
700,14794687 14782344
701,14794687 14782344
702,14794687 14782344
703,14794687 14782344
704,14794687 14782344
705,14794687 14782344
706,14794687 14782344
707,14794687 14782344
708,14794687 14782344
709,14794687 14782344
710,14794687 14782344
711,14794687 14782344
712,14794687 14782344
713,14794687 14782344
714,14794687 14782344
715,14794687 14782344
716,14794687 14782344
717,14794687 14782344
718,14794687 14782344
719,14794687 14782344
720,14794687 14782344
721,14794687 14782344
722,14794687 14782344
723,14794687 14782344
724,14794687 14782344
725,14794687 14782344
726,14794687 14782344
727,14794687 14782344
728,14794687 14782344
729,14794687 14782344
730,14794687 14782344
731,14794687 14782344
732,14794687 14782344
733,14794687 14782344
734,14794687 14782344
735,14794687 14782344
736,14794687 14782344
737,14794687 14782344
738,14794687 14782344
739,14794687 14782344
740,14794687 14782344
741,14794687 14782344
742,14794687 14782344
743,14794687 14782344
744,14794687 14782344
745,14794687 14782344
746,14794687 14782344
747,14794687 14782344
748,14794687 14782344
749,14794687 14782344
750,14794687 14782344
751,14794687 14782344
752,14794687 14782344
753,14794687 14782344
754,14794687 14782344
755,14794687 14782344
756,14794687 14782344
757,14794687 14782344
758,14794687 14782344
759,14794687 14782344
760,14794687 14782344
761,14794687 14782344
762,14794687 14782344
763,14794687 14782344
764,14794687 14782344
765,14794687 14782344
766,14794687 14782344
767,14794687 14782344
768,14794687 14782344
769,14794687 14782344
770,14794687 14782344
771,14794687 14782344
772,14794687 14782344
773,14794687 14782344
774,14794687 14782344
775,14794687 14782344
776,14794687 14782344
777,14794687 14782344
778,14794687 14782344
779,14794687 14782344
780,14794687 14782344
781,14794687 14782344
782,14794687 14782344
783,14794687 14782344
784,14794687 14782344
785,14794687 14782344
786,14794687 14782344
787,14794687 14782344
788,14794687 14782344
789,14794687 14782344
790,14794687 14782344
791,14794687 14782344
792,14794687 14782344
793,14794687 14782344
794,14794687 14782344
795,14794687 14782344
796,14794687 14782344
797,14794687 14782344
798,14794687 14782344
799,14794687 14782344
800,14794687 14782344
801,14794687 14782344
802,14794687 14782344
803,14794687 14782344
804,14794687 14782344
805,14794687 14782344
806,14794687 14782344
807,14794687 14782344
808,14794687 14782344
809,14794687 14782344
810,14794687 14782344
811,14794687 14782344
812,14794687 14782344
813,14794687 14782344
814,14794687 14782344
815,14794687 14782344
816,14794687 14782344
817,14794687 14782344
818,14794687 14782344
819,14794687 14782344
820,14794687 14782344
821,14794687 14782344
822,14794687 14782344
823,14794687 14782344
824,14794687 14782344
825,14794687 14782344
826,14794687 14782344
827,14794687 14782344
828,14794687 14782344
829,14794687 14782344
830,14794687 14782344
831,14794687 14782344
832,14794687 14782344
833,14794687 14782344
834,14794687 14782344
835,14794687 14782344
836,14794687 14782344
837,14794687 14782344
838,14794687 14782344
839,14794687 14782344
840,14794687 14782344
841,14794687 14782344
842,14794687 14782344
843,14794687 14782344
844,14794687 14782344
845,14794687 14782344
846,14794687 14782344
847,14794687 14782344
848,14794687 14782344
849,14794687 14782344
850,14794687 14782344
851,14794687 14782344
852,14794687 14782344
853,14794687 14782344
854,14794687 14782344
855,14794687 14782344
856,14794687 14782344
857,14794687 14782344
858,14794687 14782344
859,14794687 14782344
860,14794687 14782344
861,14794687 14782344
862,14794687 14782344
863,14794687 14782344
864,14794687 14782344
865,14794687 14782344
866,14794687 14782344
867,14794687 14782344
868,14794687 14782344
869,14794687 14782344
870,14794687 14782344
871,14794687 14782344
872,14794687 14782344
873,14794687 14782344
874,14794687 14782344
875,14794687 14782344
876,14794687 14782344
877,14794687 14782344
878,14794687 14782344
879,14794687 14782344
880,14794687 14782344
881,14794687 14782344
882,14794687 14782344
883,14794687 14782344
884,14794687 14782344
885,14794687 14782344
886,14794687 14782344
887,14794687 14782344
888,14794687 14782344
889,14794687 14782344
890,14794687 14782344
891,14794687 14782344
892,14794687 14782344
893,14794687 14782344
894,14794687 14782344
895,14794687 14782344
896,14794687 14782344
897,14794687 14782344
898,14794687 14782344
899,14794687 14782344
900,14794687 14782344
901,14794687 14782344
902,14794687 14782344
903,14794687 14782344
904,14794687 14782344
905,14794687 14782344
906,14794687 14782344
907,14794687 14782344
908,14794687 14782344
909,14794687 14782344
910,14794687 14782344
911,14794687 14782344
912,14794687 14782344
913,14794687 14782344
914,14794687 14782344
915,14794687 14782344
916,14794687 14782344
917,14794687 14782344
918,14794687 14782344
919,14794687 14782344
920,14794687 14782344
921,14794687 14782344
922,14794687 14782344
923,14794687 14782344
924,14794687 14782344
925,14794687 14782344
926,14794687 14782344
927,14794687 14782344
928,14794687 14782344
929,14794687 14782344
930,14794687 14782344
931,14794687 14782344
932,14794687 14782344
933,14794687 14782344
934,14794687 14782344
935,14794687 14782344
936,14794687 14782344
937,14794687 14782344
938,14794687 14782344
939,14794687 14782344
940,14794687 14782344
941,14794687 14782344
942,14794687 14782344
943,14794687 14782344
944,14794687 14782344
945,14794687 14782344
946,14794687 14782344
947,14794687 14782344
948,14794687 14782344
949,14794687 14782344
950,14794687 14782344
951,14794687 14782344
952,14794687 14782344
953,14794687 14782344
954,14794687 14782344
955,14794687 14782344
956,14794687 14782344
957,14794687 14782344
958,14794687 14782344
959,14794687 14782344
960,14794687 14782344
961,14794687 14782344
962,14794687 14782344
963,14794687 14782344
964,14794687 14782344
965,14794687 14782344
966,14794687 14782344
967,14794687 14782344
968,14794687 14782344
969,14794687 14782344
970,14794687 14782344
971,14794687 14782344
972,14794687 14782344
973,14794687 14782344
974,14794687 14782344
975,14794687 14782344
976,14794687 14782344
977,14794687 14782344
978,14794687 14782344
979,14794687 14782344
980,14794687 14782344
981,14794687 14782344
982,14794687 14782344
983,14794687 14782344
984,14794687 14782344
985,14794687 14782344
986,14794687 14782344
987,14794687 14782344
988,14794687 14782344
989,14794687 14782344
990,14794687 14782344
991,14794687 14782344
992,14794687 14782344
993,14794687 14782344
994,14794687 14782344
995,14794687 14782344
996,14794687 14782344
997,14794687 14782344
998,14794687 14782344
999,14794687 14782344
1000,14794687 14782344
1001,14794687 14782344
1002,14794687 14782344
1003,14794687 14782344
1004,14794687 14782344
1005,14794687 14782344
1006,14794687 14782344
1007,14794687 14782344
1008,14794687 14782344
1009,14794687 14782344
1010,14794687 14782344
1011,14794687 14782344
1012,14794687 14782344
1013,14794687 14782344
1014,14794687 14782344
1015,14794687 14782344
1016,14794687 14782344
1017,14794687 14782344
1018,14794687 14782344
1019,14794687 14782344
1020,14794687 14782344
1021,14794687 14782344
1022,14794687 14782344
1023,14794687 14782344
1024,14794687 14782344
1025,14794687 14782344
1026,14794687 14782344
1027,14794687 14782344
1028,14794687 14782344
1029,14794687 14782344
1030,14794687 14782344
1031,14794687 14782344
1032,14794687 14782344
1033,14794687 14782344
1034,14794687 14782344
1035,14794687 14782344
1036,14794687 14782344
1037,14794687 14782344
1038,14794687 14782344
1039,14794687 14782344
1040,14794687 14782344
1041,14794687 14782344
1042,14794687 14782344
1043,14794687 14782344
1044,14794687 14782344
1045,14794687 14782344
1046,14794687 14782344
1047,14794687 14782344
1048,14794687 14782344
1049,14794687 14782344
1050,14794687 14782344
1051,14794687 14782344
1052,14794687 14782344
1053,14794687 14782344
1054,14794687 14782344
1055,14794687 14782344
1056,14794687 14782344
1057,14794687 14782344
1058,14794687 14782344
1059,14794687 14782344
1060,14794687 14782344
1061,14794687 14782344
1062,14794687 14782344
1063,14794687 14782344
1064,14794687 14782344
1065,14794687 14782344
1066,14794687 14782344
1067,14794687 14782344
1068,14794687 14782344
1069,14794687 14782344
1070,14794687 14782344
1071,14794687 14782344
1072,14794687 14782344
1073,14794687 14782344
1074,14794687 14782344
1075,14794687 14782344
1076,14794687 14782344
1077,14794687 14782344
1078,14794687 14782344
1079,14794687 14782344
1080,14794687 14782344
1081,14794687 14782344
1082,14794687 14782344
1083,14794687 14782344
1084,14794687 14782344
1085,14794687 14782344
1086,14794687 14782344
1087,14794687 14782344
1088,14794687 14782344
1089,14794687 14782344
1090,14794687 14782344
1091,14794687 14782344
1092,14794687 14782344
1093,14794687 14782344
1094,14794687 14782344
1095,14794687 14782344
1096,14794687 14782344
1097,14794687 14782344
1098,14794687 14782344
1099,14794687 14782344
1100,14794687 14782344
1101,14794687 14782344
1102,14794687 14782344
1103,14794687 14782344
1104,14794687 14782344
1105,14794687 14782344
1106,14794687 14782344
1107,14794687 14782344
1108,14794687 14782344
1109,14794687 14782344
1110,14794687 14782344
1111,14794687 14782344
1112,14794687 14782344
1113,14794687 14782344
1114,14794687 14782344
1115,14794687 14782344
1116,14794687 14782344
1117,14794687 14782344
1118,14794687 14782344
1119,14794687 14782344
1120,14794687 14782344
1121,14794687 14782344
1122,14794687 14782344
1123,14794687 14782344
1124,14794687 14782344
1125,14794687 14782344
1126,14794687 14782344
1127,14794687 14782344
1128,14794687 14782344
1129,14794687 14782344
1130,14794687 14782344
1131,14794687 14782344
1132,14794687 14782344
1133,14794687 14782344
1134,14794687 14782344
1135,14794687 14782344
1136,14794687 14782344
1137,14794687 14782344
1138,14794687 14782344
1139,14794687 14782344
1140,14794687 14782344
1141,14794687 14782344
1142,14794687 14782344
1143,14794687 14782344
1144,14794687 14782344
1145,14794687 14782344
1146,14794687 14782344
1147,14794687 14782344
1148,14794687 14782344
1149,14794687 14782344
1150,14794687 14782344
1151,14794687 14782344
1152,14794687 14782344
1153,14794687 14782344
1154,14794687 14782344
1155,14794687 14782344
1156,14794687 14782344
1157,14794687 14782344
1158,14794687 14782344
1159,14794687 14782344
1160,14794687 14782344
1161,14794687 14782344
1162,14794687 14782344
1163,14794687 14782344
1164,14794687 14782344
1165,14794687 14782344
1166,14794687 14782344
1167,14794687 14782344
1168,14794687 14782344
1169,14794687 14782344
1170,14794687 14782344
1171,14794687 14782344
1172,14794687 14782344
1173,14794687 14782344
1174,14794687 14782344
1175,14794687 14782344
1176,14794687 14782344
1177,14794687 14782344
1178,14794687 14782344
1179,14794687 14782344
1180,14794687 14782344
1181,14794687 14782344
1182,14794687 14782344
1183,14794687 14782344
1184,14794687 14782344
1185,14794687 14782344
1186,14794687 14782344
1187,14794687 14782344
1188,14794687 14782344
1189,14794687 14782344
1190,14794687 14782344
1191,14794687 14782344
1192,14794687 14782344
1193,14794687 14782344
1194,14794687 14782344
1195,14794687 14782344
1196,14794687 14782344
1197,14794687 14782344
1198,14794687 14782344
1199,14794687 14782344
1200,14794687 14782344
1201,14794687 14782344
1202,14794687 14782344
1203,14794687 14782344
1204,14794687 14782344
1205,14794687 14782344
1206,14794687 14782344
1207,14794687 14782344
1208,14794687 14782344
1209,14794687 14782344
1210,14794687 14782344
1211,14794687 14782344
1212,14794687 14782344
1213,14794687 14782344
1214,14794687 14782344
1215,14794687 14782344
1216,14794687 14782344
1217,14794687 14782344
1218,14794687 14782344
1219,14794687 14782344
1220,14794687 14782344
1221,14794687 14782344
1222,14794687 14782344
1223,14794687 14782344
1224,14794687 14782344
1225,14794687 14782344
1226,14794687 14782344
1227,14794687 14782344
1228,14794687 14782344
1229,14794687 14782344
1230,14794687 14782344
1231,14794687 14782344
1232,14794687 14782344
1233,14794687 14782344
1234,14794687 14782344
1235,14794687 14782344
1236,14794687 14782344
1237,14794687 14782344
1238,14794687 14782344
1239,14794687 14782344
1240,14794687 14782344
1241,14794687 14782344
1242,14794687 14782344
1243,14794687 14782344
1244,14794687 14782344
1245,14794687 14782344
1246,14794687 14782344
1247,14794687 14782344
1248,14794687 14782344
1249,14794687 14782344
1250,14794687 14782344
1251,14794687 14782344
1252,14794687 14782344
1253,14794687 14782344
1254,14794687 14782344
1255,14794687 14782344
1256,14794687 14782344
1257,14794687 14782344
1258,14794687 14782344
1259,14794687 14782344
1260,14794687 14782344
1261,14794687 14782344
1262,14794687 14782344
1263,14794687 14782344
1264,14794687 14782344
1265,14794687 14782344
1266,14794687 14782344
1267,14794687 14782344
1268,14794687 14782344
1269,14794687 14782344
1270,14794687 14782344
1271,14794687 14782344
1272,14794687 14782344
1273,14794687 14782344
1274,14794687 14782344
1275,14794687 14782344
1276,14794687 14782344
1277,14794687 14782344
1278,14794687 14782344
1279,14794687 14782344
1280,14794687 14782344
1281,14794687 14782344
1282,14794687 14782344
1283,14794687 14782344
1284,14794687 14782344
1285,14794687 14782344
1286,14794687 14782344
1287,14794687 14782344
1288,14794687 14782344
1289,14794687 14782344
1290,14794687 14782344
1291,14794687 14782344
1292,14794687 14782344
1293,14794687 14782344
1294,14794687 14782344
1295,14794687 14782344
1296,14794687 14782344
1297,14794687 14782344
1298,14794687 14782344
1299,14794687 14782344
1300,14794687 14782344
1301,14794687 14782344
1302,14794687 14782344
1303,14794687 14782344
1304,14794687 14782344
1305,14794687 14782344
1306,14794687 14782344
1307,14794687 14782344
1308,14794687 14782344
1309,14794687 14782344
1310,14794687 14782344
1311,14794687 14782344
1312,14794687 14782344
1313,14794687 14782344
1314,14794687 14782344
1315,14794687 14782344
1316,14794687 14782344
1317,14794687 14782344
1318,14794687 14782344
1319,14794687 14782344
1320,14794687 14782344
1321,14794687 14782344
1322,14794687 14782344
1323,14794687 14782344
1324,14794687 14782344
1325,14794687 14782344
1326,14794687 14782344
1327,14794687 14782344
1328,14794687 14782344
1329,14794687 14782344
1330,14794687 14782344
1331,14794687 14782344
1332,14794687 14782344
1333,14794687 14782344
1334,14794687 14782344
1335,14794687 14782344
1336,14794687 14782344
1337,14794687 14782344
1338,14794687 14782344
1339,14794687 14782344
1340,14794687 14782344
1341,14794687 14782344
1342,14794687 14782344
1343,14794687 14782344
1344,14794687 14782344
1345,14794687 14782344
1346,14794687 14782344
1347,14794687 14782344
1348,14794687 14782344
1349,14794687 14782344
1350,14794687 14782344
1351,14794687 14782344
1352,14794687 14782344
1353,14794687 14782344
1354,14794687 14782344
1355,14794687 14782344
1356,14794687 14782344
1357,14794687 14782344
1358,14794687 14782344
1359,14794687 14782344
1360,14794687 14782344
1361,14794687 14782344
1362,14794687 14782344
1363,14794687 14782344
1364,14794687 14782344
1365,14794687 14782344
1366,14794687 14782344
1367,14794687 14782344
1368,14794687 14782344
1369,14794687 14782344
1370,14794687 14782344
1371,14794687 14782344
1372,14794687 14782344
1373,14794687 14782344
1374,14794687 14782344
1375,14794687 14782344
1376,14794687 14782344
1377,14794687 14782344
1378,14794687 14782344
1379,14794687 14782344
1380,14794687 14782344
1381,14794687 14782344
1382,14794687 14782344
1383,14794687 14782344
1384,14794687 14782344
1385,14794687 14782344
1386,14794687 14782344
1387,14794687 14782344
1388,14794687 14782344
1389,14794687 14782344
1390,14794687 14782344
1391,14794687 14782344
1392,14794687 14782344
1393,14794687 14782344
1394,14794687 14782344
1395,14794687 14782344
1396,14794687 14782344
1397,14794687 14782344
1398,14794687 14782344
1399,14794687 14782344
1400,14794687 14782344
1401,14794687 14782344
1402,14794687 14782344
1403,14794687 14782344
1404,14794687 14782344
1405,14794687 14782344
1406,14794687 14782344
1407,14794687 14782344
1408,14794687 14782344
1409,14794687 14782344
1410,14794687 14782344
1411,14794687 14782344
1412,14794687 14782344
1413,14794687 14782344
1414,14794687 14782344
1415,14794687 14782344
1416,14794687 14782344
1417,14794687 14782344
1418,14794687 14782344
1419,14794687 14782344
1420,14794687 14782344
1421,14794687 14782344
1422,14794687 14782344
1423,14794687 14782344
1424,14794687 14782344
1425,14794687 14782344
1426,14794687 14782344
1427,14794687 14782344
1428,14794687 14782344
1429,14794687 14782344
1430,14794687 14782344
1431,14794687 14782344
1432,14794687 14782344
1433,14794687 14782344
1434,14794687 14782344
1435,14794687 14782344
1436,14794687 14782344
1437,14794687 14782344
1438,14794687 14782344
1439,14794687 14782344
1440,14794687 14782344
1441,14794687 14782344
1442,14794687 14782344
1443,14794687 14782344
1444,14794687 14782344
1445,14794687 14782344
1446,14794687 14782344
1447,14794687 14782344
1448,14794687 14782344
1449,14794687 14782344
1450,14794687 14782344
1451,14794687 14782344
1452,14794687 14782344
1453,14794687 14782344
1454,14794687 14782344
1455,14794687 14782344
1456,14794687 14782344
1457,14794687 14782344
1458,14794687 14782344
1459,14794687 14782344
1460,14794687 14782344
1461,14794687 14782344
1462,14794687 14782344
1463,14794687 14782344
1464,14794687 14782344
1465,14794687 14782344
1466,14794687 14782344
1467,14794687 14782344
1468,14794687 14782344
1469,14794687 14782344
1470,14794687 14782344
1471,14794687 14782344
1472,14794687 14782344
1473,14794687 14782344
1474,14794687 14782344
1475,14794687 14782344
1476,14794687 14782344
1477,14794687 14782344
1478,14794687 14782344
1479,14794687 14782344
1480,14794687 14782344
1481,14794687 14782344
1482,14794687 14782344
1483,14794687 14782344
1484,14794687 14782344
1485,14794687 14782344
1486,14794687 14782344
1487,14794687 14782344
1488,14794687 14782344
1489,14794687 14782344
1490,14794687 14782344
1491,14794687 14782344
1492,14794687 14782344
1493,14794687 14782344
1494,14794687 14782344
1495,14794687 14782344
1496,14794687 14782344
1497,14794687 14782344
1498,14794687 14782344
1499,14794687 14782344
1500,14794687 14782344
1501,14794687 14782344
1502,14794687 14782344
1503,14794687 14782344
1504,14794687 14782344
1505,14794687 14782344
1506,14794687 14782344
1507,14794687 14782344
1508,14794687 14782344
1509,14794687 14782344
1510,14794687 14782344
1511,14794687 14782344
1512,14794687 14782344
1513,14794687 14782344
1514,14794687 14782344
1515,14794687 14782344
1516,14794687 14782344
1517,14794687 14782344
1518,14794687 14782344
1519,14794687 14782344
1520,14794687 14782344
1521,14794687 14782344
1522,14794687 14782344
1523,14794687 14782344
1524,14794687 14782344
1525,14794687 14782344
1526,14794687 14782344
1527,14794687 14782344
1528,14794687 14782344
1529,14794687 14782344
1530,14794687 14782344
1531,14794687 14782344
1532,14794687 14782344
1533,14794687 14782344
1534,14794687 14782344
1535,14794687 14782344
1536,14794687 14782344
1537,14794687 14782344
1538,14794687 14782344
1539,14794687 14782344
1540,14794687 14782344
1541,14794687 14782344
1542,14794687 14782344
1543,14794687 14782344
1544,14794687 14782344
1545,14794687 14782344
1546,14794687 14782344
1547,14794687 14782344
1548,14794687 14782344
1549,14794687 14782344
1550,14794687 14782344
1551,14794687 14782344
1552,14794687 14782344
1553,14794687 14782344
1554,14794687 14782344
1555,14794687 14782344
1556,14794687 14782344
1557,14794687 14782344
1558,14794687 14782344
1559,14794687 14782344
1560,14794687 14782344
1561,14794687 14782344
1562,14794687 14782344
1563,14794687 14782344
1564,14794687 14782344
1565,14794687 14782344
1566,14794687 14782344
1567,14794687 14782344
1568,14794687 14782344
1569,14794687 14782344
1570,14794687 14782344
1571,14794687 14782344
1572,14794687 14782344
1573,14794687 14782344
1574,14794687 14782344
1575,14794687 14782344
1576,14794687 14782344
1577,14794687 14782344
1578,14794687 14782344
1579,14794687 14782344
1580,14794687 14782344
1581,14794687 14782344
1582,14794687 14782344
1583,14794687 14782344
1584,14794687 14782344
1585,14794687 14782344
1586,14794687 14782344
1587,14794687 14782344
1588,14794687 14782344
1589,14794687 14782344
1590,14794687 14782344
1591,14794687 14782344
1592,14794687 14782344
1593,14794687 14782344
1594,14794687 14782344
1595,14794687 14782344
1596,14794687 14782344
1597,14794687 14782344
1598,14794687 14782344
1599,14794687 14782344
1600,14794687 14782344
1601,14794687 14782344
1602,14794687 14782344
1603,14794687 14782344
1604,14794687 14782344
1605,14794687 14782344
1606,14794687 14782344
1607,14794687 14782344
1608,14794687 14782344
1609,14794687 14782344
1610,14794687 14782344
1611,14794687 14782344
1612,14794687 14782344
1613,14794687 14782344
1614,14794687 14782344
1615,14794687 14782344
1616,14794687 14782344
1617,14794687 14782344
1618,14794687 14782344
1619,14794687 14782344
1620,14794687 14782344
1621,14794687 14782344
1622,14794687 14782344
1623,14794687 14782344
1624,14794687 14782344
1625,14794687 14782344
1626,14794687 14782344
1627,14794687 14782344
1628,14794687 14782344
1629,14794687 14782344
1630,14794687 14782344
1631,14794687 14782344
1632,14794687 14782344
1633,14794687 14782344
1634,14794687 14782344
1635,14794687 14782344
1636,14794687 14782344
1637,14794687 14782344
1638,14794687 14782344
1639,14794687 14782344
1640,14794687 14782344
1641,14794687 14782344
1642,14794687 14782344
1643,14794687 14782344
1644,14794687 14782344
1645,14794687 14782344
1646,14794687 14782344
1647,14794687 14782344
1648,14794687 14782344
1649,14794687 14782344
1650,14794687 14782344
1651,14794687 14782344
1652,14794687 14782344
1653,14794687 14782344
1654,14794687 14782344
1655,14794687 14782344
1656,14794687 14782344
1657,14794687 14782344
1658,14794687 14782344
1659,14794687 14782344
1660,14794687 14782344
1661,14794687 14782344
1662,14794687 14782344
1663,14794687 14782344
1664,14794687 14782344
1665,14794687 14782344
1666,14794687 14782344
1667,14794687 14782344
1668,14794687 14782344
1669,14794687 14782344
1670,14794687 14782344
1671,14794687 14782344
1672,14794687 14782344
1673,14794687 14782344
1674,14794687 14782344
1675,14794687 14782344
1676,14794687 14782344
1677,14794687 14782344
1678,14794687 14782344
1679,14794687 14782344
1680,14794687 14782344
1681,14794687 14782344
1682,14794687 14782344
1683,14794687 14782344
1684,14794687 14782344
1685,14794687 14782344
1686,14794687 14782344
1687,14794687 14782344
1688,14794687 14782344
1689,14794687 14782344
1690,14794687 14782344
1691,14794687 14782344
1692,14794687 14782344
1693,14794687 14782344
1694,14794687 14782344
1695,14794687 14782344
1696,14794687 14782344
1697,14794687 14782344
1698,14794687 14782344
1699,14794687 14782344
1700,14794687 14782344
1701,14794687 14782344
1702,14794687 14782344
1703,14794687 14782344
1704,14794687 14782344
1705,14794687 14782344
1706,14794687 14782344
1707,14794687 14782344
1708,14794687 14782344
1709,14794687 14782344
1710,14794687 14782344
1711,14794687 14782344
1712,14794687 14782344
1713,14794687 14782344
1714,14794687 14782344
1715,14794687 14782344
1716,14794687 14782344
1717,14794687 14782344
1718,14794687 14782344
1719,14794687 14782344
1720,14794687 14782344
1721,14794687 14782344
1722,14794687 14782344
1723,14794687 14782344
1724,14794687 14782344
1725,14794687 14782344
1726,14794687 14782344
1727,14794687 14782344
1728,14794687 14782344
1729,14794687 14782344
1730,14794687 14782344
1731,14794687 14782344
1732,14794687 14782344
1733,14794687 14782344
1734,14794687 14782344
1735,14794687 14782344
1736,14794687 14782344
1737,14794687 14782344
1738,14794687 14782344
1739,14794687 14782344
1740,14794687 14782344
1741,14794687 14782344
1742,14794687 14782344
1743,14794687 14782344
1744,14794687 14782344
1745,14794687 14782344
1746,14794687 14782344
1747,14794687 14782344
1748,14794687 14782344
1749,14794687 14782344
1750,14794687 14782344
1751,14794687 14782344
1752,14794687 14782344
1753,14794687 14782344
1754,14794687 14782344
1755,14794687 14782344
1756,14794687 14782344
1757,14794687 14782344
1758,14794687 14782344
1759,14794687 14782344
1760,14794687 14782344
1761,14794687 14782344
1762,14794687 14782344
1763,14794687 14782344
1764,14794687 14782344
1765,14794687 14782344
1766,14794687 14782344
1767,14794687 14782344
1768,14794687 14782344
1769,14794687 14782344
1770,14794687 14782344
1771,14794687 14782344
1772,14794687 14782344
1773,14794687 14782344
1774,14794687 14782344
1775,14794687 14782344
1776,14794687 14782344
1777,14794687 14782344
1778,14794687 14782344
1779,14794687 14782344
1780,14794687 14782344
1781,14794687 14782344
1782,14794687 14782344
1783,14794687 14782344
1784,14794687 14782344
1785,14794687 14782344
1786,14794687 14782344
1787,14794687 14782344
1788,14794687 14782344
1789,14794687 14782344
1790,14794687 14782344
1791,14794687 14782344
1792,14794687 14782344
1793,14794687 14782344
1794,14794687 14782344
1795,14794687 14782344
1796,14794687 14782344
1797,14794687 14782344
1798,14794687 14782344
1799,14794687 14782344
